{"nodes": {"switch:365545302524608": [430.8007073024555, 462.54095506169995], "ibp2.open.soic.indiana.edu": [457.07230230599566, 449.0538543464595], "wsu-stor03.osris.org": [497.8125462584194, 442.48690998233945], "wsu-ps01.osris.org": [511.4855659504175, 425.3162466418239], "wsu-virt01.osris.org": [535.7514358132345, 420.0], "wsu-xfer01.osris.org": [555.3516731328166, 428.671943035223], "wsu-stor02.osris.org": [560.8398020912011, 445.7120187985337], "wsu-virt02.osris.org": [573.7779019036706, 452.8912830089234], "switch:365545302449728": [530.7437926030077, 449.3489845279286], "wsu-stor01.osris.org": [493.9171062990785, 462.4673113832393], "um-xfer01.osris.org": [510.6650950435489, 475.55244998776624], "um-test04.osris.org": [538.815749321397, 482.1452542354542], "um-ps01.osris.org": [549.8911896090771, 467.4146380822627], "um-virt02.osris.org": [564.8054263711231, 479.1760717594976], "um-test03.osris.org": [597.8929717435556, 500.7461214404158], "um-virt01.osris.org": [578.2106149824228, 486.69580235415884], "um-stor03.osris.org": [491.4032109307168, 500.04317637247954], "um-stor04.osris.org": [504.6489979622993, 492.8840606053877], "um-stor01.osris.org": [508.1850678672349, 512.4400201150165], "um-grafana.osris.org": [523.7630931911632, 523.3348322895833], "um-stor02.osris.org": [545.7837541020424, 523.7482212568066], "switch:40175245598394": [564.5566989408912, 505.53846675070923], "switch:365545302419392": [535.2566339908917, 495.9210899304604], "msu-stor04.osris.org": [547.8106528148458, 702.4626820430547], "msu-stor03.osris.org": [465.38411890240366, 698.0869066112995], "msu-stor01.osris.org": [639.1580154579116, 667.0658632119633], "msu-stor02.osris.org": [461.7911466098283, 664.2914200792503], "msu-virt01.osris.org": [576.4290509178629, 667.5128403226395], "msu-virt02-be.osris.org": [519.9614995691466, 668.0547237320447], "msu-sdn01.osiris.org": [518.6256853452982, 612.0480986085702], "msu-prov-be.osris.org": [433.6400521352481, 691.5397525195301], "msu-rancid.osris.org": [493.6781381317856, 701.1549724488134], "msu-elk.osris.org": [426.9338044433527, 660.5165609266926], "msu-ldap01.osris.org": [608.041866017046, 637.0970060642109], "msu-mds01.osris.org": [577.2626641795295, 638.2880506711657], "msu-admin01.osris.org": [491.670795904152, 666.8162385019438], "msu-xfer01.osris.org": [548.0454147285329, 638.9749846923472], "msu-testmon01.osris.org": [642.7184226001257, 636.1674218415894], "msu-omd.osris.org": [547.9124372716673, 668.2399183305997], "msu-rt.osris.org": [606.613032152006, 666.145545504247], "msu-ps01.osris.org": [520.77629941199, 702.4773382832644], "msu-mon01.osris.org": [575.9356526376788, 701.0942669709175], "switch:365545302448576": [607.6244408589208, 697.8698349648485]}, "_processing_level": 1000}