{"nodes": {"3": [591.223262959939, 594.2653480836074], "t1": [501.8695825939456, 419.99999999999994], "7": [487.27183702021586, 602.300031205633], "0": [523.3912202934488, 608.9910252851225], "9": [554.1246975383654, 612.790171951226], "4": [522.4584697220198, 649.4741221608887], "8": [481.02967691341786, 562.3173242511265], "5": [644.2183462872848, 728.6116098199577], "Test3": [939.3675346781176, 471.1101044322854], "2": [641.795542597809, 617.3984654179147], "1": [657.1019554519711, 681.8904984938191], "Test": [420.0, 491.6858729735601], "6": [681.10820898054, 675.7027951388044]}, "_processing_level": 50}