{"nodes": {"ryu": [517.4472991923634, 431.4445752754548], "web": [570.1693277206581, 420.0], "ovs": [419.99999999999994, 472.7341758424541], "periscope": [583.2589671806969, 474.6861359710683], "flange": [530.4111150427896, 488.46232643112245], "switch:270534854602058": [550.006303140911, 453.86371685939486]}, "_processing_level": 50}