{"nodes": {"ovs": [420.0, 420.0], "periscope": [508.90470612797685, 493.7609673180263], "flange": [458.2802050825736, 521.63076928611], "ryu": [534.2843744931384, 542.1125191564541], "web": [484.4304496090108, 569.0801762458548], "switch:270534854602058": [496.4316397761287, 531.4620897153784]}, "_processing_level": 50}