{"_processing_level": 50, "nodes": {"Test": [420.0, 491.6858729735601], "0": [523.3912202934488, 608.9910252851225], "9": [554.1246975383654, 612.790171951226], "4": [522.4584697220198, 649.4741221608887], "3": [591.223262959939, 594.2653480836074], "7": [487.2718370202158, 602.3000312056331], "8": [481.02967691341803, 562.3173242511264], "t1": [501.86958259394567, 419.99999999999994], "Test3": [939.3675346781176, 471.1101044322854], "5": [644.2183462872849, 728.6116098199577], "1": [657.1019554519712, 681.8904984938191], "2": [641.7955425978091, 617.3984654179147], "6": [681.10820898054, 675.7027951388043]}}